michael,Panelists',,124
michael,",89
michael,',35
michael,kind,27
michael,Python,24
michael,lot,23
michael,So,23
michael,Yeah,,22
michael,it,,18
michael,things,17
michael,But,16
michael,it.,15
michael,It's,14
michael,folks,14
michael,stuff,13
michael,bit,13
michael,start,13
michael,like,,13
michael,streaming,13
michael,Brian,12
michael,stream,12
michael,video,11
michael,started,11
michael,that,,11
michael,talk,10
michael,yeah,,10
michael,feel,10
michael,it\'s,10
michael,We,9
michael,I've,9
michael,thing,9
michael,types,9
michael,set,9
michael,there,,8
michael,code,8
michael,right?,8
michael,great,8
michael,Twitch,8
michael,thing,,7
michael,environment,7
michael,chatroom,7
michael,understand,7
michael,super,7
michael,learning,7
michael,"Hey,,7
michael,YouTube,7
michael,talking,7
michael,open,7
michael,The,7
michael,device,7
michael,to,,6
michael,interesting,6
michael,background,6
michael,platform,6
michael,opportunity,6
michael,Studio,6
michael,hardware,6
michael,'cause,6
michael,turn,6
michael,live,6
michael,Visual,6
michael,web,6
michael,essentially,6
michael,experience,6
michael,You,6
michael,programming,6
michael,this,,6
michael,beginner,6
michael,built,6
michael,fun,6
michael,months,6
michael,now,,5
michael,level,5
michael,one,,5
michael,['49,5
michael,that\'s,5
michael,don\'t,5
michael,GitHub,5
michael,machine,5
michael,['16,5
michael,perspective,5
michael,'Cause,5
michael,desktop,5
michael,Cecil,5
michael,right,,5
michael,there\'s,5
michael,learned,5
michael,Right,,5
michael,thing."],5
michael,things.,5
michael,case,5
michael,Exactly,,5
michael,show,,4
michael,we\'ve,4
michael,Voicemeeter,4
michael,['50,4
michael,repo,4
michael,light,4
michael,days,4
michael,['11,4
michael,terms,4
michael,What,4
michael,thing.,4
michael,['17,4
michael,create,4
michael,up,,4
michael,Javascript,4
michael,write,4
michael,dev.to,4
michael,add,4
michael,There's,4
michael,developer,4
michael,software,4
michael,out,,4
michael,fan,4
michael,type,4
michael,['37,4
michael,there."],4
michael,['00,4
michael,setup,4
michael,Python,,4
michael,['25,4
michael,hard,4
michael,interested,4
michael,benefit,4
michael,Yes,,4
michael,['33,4
michael,['23,4
michael,point,4
michael,tool,4
michael,When,4
michael,building,4
michael,friendly,4
michael,pretty,4
michael,room,4
michael,If,4
michael,totally,4
michael,['40,3
michael,challenge,3
michael,build,3
michael,['52,3
michael,streaming,,3
michael,environment,,3
michael,running,3
michael,making,3
michael,sure,,3
michael,Javascript,,3
michael,week,3
michael,Oh,3
michael,there.,3
michael,cool,3
michael,is.,3
michael,listen,3
michael,knowledge,3
michael,that.,3
michael,chat,3
michael,ahead,3
michael,we\'ll,3
michael,pop,3
michael,post,3
michael,upgrade,3
michael,['48,3
michael,stream,,3
michael,recordings,3
michael,['53,3
michael,check,3
michael,Well,,3
michael,['02,3
michael,spoken,3
michael,working,3
michael,wanted,3
michael,['13,3
michael,feed,3
michael,lights,3
michael,room,,3
michael,blogging,3
michael,advice,3
michael,depending,3
michael,repo,,3
michael,microphone,3
michael,screen,3
michael,Microsoft,3
michael,['07,3
michael,Code,3
michael,livestream,3
michael,engaging,3
michael,affect,3
michael,stuff,,3
michael,exactly.,3
michael,prior,3
michael,.NET,3
michael,that."],3
michael,publish,3
michael,for,,3
michael,color,3
michael,she\'s,3
michael,['18,3
michael,didn\'t,3
michael,Windows,3
michael,Absolutely,,3
michael,kinds,3
michael,You're,3
michael,No,,3
michael,programming,,3
michael,computer,3
michael,Open,3
michael,free,3
michael,hear,3
michael,intimidating,3
michael,['28,3
michael,learn,3
michael,play,3
michael,['31,3
michael,That,3
michael,['22,3
michael,Linux,3
michael,fantastic,3
michael,Azure,3
michael,time,,3
michael,things,,3
michael,again,,3
michael,setting,3
michael,camera,3
michael,watching,3
michael,apply,3
michael,content,3
michael,happy,3
michael,schools,3
michael,aspect,3
michael,big,3
michael,helpful,2
michael,pick,2
michael,thing.'],2
michael,saying,,2
michael,Some,2
michael,point,,2
michael,integrate,2
michael,mean,,2
michael,weeks,2
michael,audio,2
michael,feature,2
michael,filtering,2
michael,living,2
michael,explain,2
michael,change,2
michael,ability,2
michael,college,2
michael,['09,2
michael,stuff."],2
michael,hit,2
michael,voting,2
michael,course,,2
michael,['01,2
michael,combination,2
michael,ago,,2
michael,Sure,,2
michael,Our,2
michael,interact,2
michael,questions,,2
michael,machines,2
michael,lose,2
michael,account,,2
michael,teaching,2
michael,people,,2
michael,Wednesday,2
michael,frame,2
michael,before,,2
michael,This,2
michael,key,2
michael,['36,2
michael,general,2
michael,options,2
michael,support,2
michael,software,,2
michael,absolutely,2
michael,done,,2
michael,dedicated,2
michael,nice,2
michael,green,2
michael,Broadcasting,2
michael,share,2
michael,robot,2
michael,videos,2
michael,Medium,2
michael,posting,2
michael,Nah,,2
michael,today,2
michael,hours,2
michael,view,2
michael,wall,,2
michael,love,2
michael,acquainted,2
michael,['19,2
michael,patch,2
michael,see,,2
michael,workshop,2
michael,VS,2
michael,device,,2
michael,demo,2
michael,Express,2
michael,yet,,2
michael,it.",2
michael,language,2
michael,recognize,2
michael,interesting."],2
michael,remember,2
michael,yeah.,2
michael,frames,2
michael,changing,2
michael,internet,2
michael,inside,2
michael,dependencies,2
michael,watch,,2
michael,Very,2
michael,involved,2
michael,20,2
michael,practice,2
michael,10,2
michael,putting,2
michael,podcasting,2
michael,Scarlett,2
michael,realizing,2
michael,sees,2
michael,tons,2
michael,free,,2
michael,For,2
michael,learnpython.dev,,2
michael,['32,2
michael,range,2
michael,foundational,2
michael,basically,2
michael,limited,2
michael,grab,2
michael,do,,2
michael,notifications,2
michael,ways,2
michael,['43,2
michael,"How,2
michael,imagine,2
michael,month,2
michael,['20,2
michael,['21,2
michael,second."],2
michael,backup,2
michael,no,,2
michael,Ignite,2
michael,huge,2
michael,lot,,2
michael,topics,,2
michael,Twitch,,2
michael,['57,2
michael,about,,2
michael,website,2
michael,pay,2
michael,stay,2
michael,gaming,2
michael,['14,2
michael,worried,2
michael,I'd,2
michael,source,2
michael,old,,2
michael,languages,2
michael,originally,2
michael,bulb,2
michael,"Wow,,2
michael,coding,2
michael,install,2
michael,in,,2
michael,head,2
michael,perspective.'],2
michael,comfortable,2
michael,catch,2
michael,['24,2
michael,Like,2
michael,helps,2
michael,office,,2
michael,publishing,2
michael,fun,,2
michael,it.'],2
michael,Florida,2
michael,starting,2
michael,['59,2
michael,about.,2
michael,IoT,,2
michael,guess,2
michael,coming,2
michael,right?"],2
michael,that.'],2
michael,us."],2
michael,extent,2
michael,cloud,2
michael,Team,,2
michael,let\'s,2
michael,tinkering,2
michael,noise,2
michael,features,2
michael,attention,2
michael,here,,2
michael,community,2
michael,Code.'],2
michael,section.,2
michael,sit,2
michael,sound,2
michael,main,2
michael,streamer,2
michael,doing.,2
michael,answering,2
michael,buttons,2
michael,bot,2
michael,finish,2
michael,Cloud,2
michael,Everything,2
michael,practice,,2
michael,podcast,2
michael,called,2
michael,How,2
michael,contribute,2
michael,couple,2
michael,at,,2
michael,screen,,2
michael,"Let,2
michael,['54,2
michael,this.",2
michael,section,,2
michael,they\'ll,2
michael,exercises,2
michael,positive,2
michael,with,,2
michael,viewers,2
michael,['38,2
michael,11,2
michael,obstacle,2
michael,students,,2
michael,['51,2
michael,simple.,2
michael,stuff.,2
michael,happening,2
michael,introduced,2
michael,it."],2
michael,extension,2
michael,There,2
michael,input,2
michael,wanting,2
michael,turns,2
michael,'em,2
michael,['10,2
michael,office,2
michael,viewer,2
michael,asked,2
michael,robot,,2
michael,real,2
michael,spoke,2
michael,machine,,2
michael,nature,,1
michael,['08,1
michael,knew,1
michael,technology,1
michael,lazy,1
michael,financial,1
michael,CA,1
michael,frustrated,1
michael,demonstrating,1
michael,shoot,1
michael,Pro,,1
michael,necessarily,,1
michael,issued,1
michael,raise,1
michael,sponsored,1
michael,equipment,1
michael,moment.,1
michael,Learning,1
michael,libraries,1
michael,instance,1
michael,say,,1
michael,these,,1
michael,ringing,1
michael,subscription,1
michael,covering,1
michael,is."],1
michael,consistently,1
michael,two-fold,1
michael,atmosphere."],1
michael,answer,1
michael,surprised,1
michael,higher,1
michael,things.'],1
michael,whatever,,1
michael,basic,,1
michael,conditional,1
michael,sounds,1
michael,concept,,1
michael,markdown,,1
michael,ends,1
michael,service,1
michael,sensor,1
michael,resources,1
michael,['41,1
michael,fine,,1
michael,gosh.'],1
michael,thought,1
michael,understanding,1
michael,modem,1
michael,Channel,1
michael,hands."],1
michael,loud,1
michael,phone,1
michael,favorite,1
michael,workshops,1
michael,foundation."],1
michael,friendly.,1
michael,deeper,1
michael,finished,1
michael,more.,1
michael,beginner-centric,1
michael,question,1
michael,now.,1
michael,alerts,1
michael,TV,1
michael,Four,1
michael,that\'ll,1
michael,have.'],1
michael,day,,1
michael,announcement,1
michael,together.,1
michael,crazy,1
michael,chatroom,,1
michael,live."],1
michael,Medium.com,1
michael,Use,1
michael,up.,1
michael,establish,1
michael,rights,1
michael,subtle,,1
michael,generated,1
michael,think."],1
michael,"Okay,,1
michael,read,,1
michael,shows.,1
michael,yesterday,,1
michael,same."],1
michael,PC,1
michael,piggyback,1
michael,intimidating.,1
michael,Devs,1
michael,Want,1
michael,something,,1
michael,cool.'],1
michael,Apps,1
michael,memory,1
michael,clean,1
michael,plan."],1
michael,schools,,1
michael,Just,1
michael,episode,,1
michael,shake,1
michael,backgrounds.,1
michael,exercise,1
michael,virtual,1
michael,['05,1
michael,body,1
michael,variable,,1
michael,teammate,,1
michael,scenes,,1
michael,particular,,1
michael,production,1
michael,iTunes,1
michael,time?,1
michael,challenging,1
michael,see."'],1
michael,somebody?",1
michael,cheaper,1
michael,actually.,1
michael,faculty,1
michael,audience,1
michael,Online,1
michael,problem,1
michael,Twitch.,1
michael,subscribe.,1
michael,CodeWars.com?"],1
michael,available."],1
michael,about."],1
michael,pays,1
michael,advanced,1
michael,belt,,1
michael,powerful,1
michael,hyped,1
michael,roots,1
michael,life.,1
michael,habit,1
michael,sure.,1
michael,entertained,1
michael,perspective,,1
michael,Brian's,1
michael,pleasant,1
michael,seven.,1
michael,call,,1
michael,slowly,1
michael,4K,1
michael,leave,1
michael,Even,1
michael,yeah.'],1
michael,deliver,1
michael,keyboard,1
michael,later."],1
michael,pumped,1
michael,bases,1
michael,listening,1
michael,path.,1
michael,model,,1
michael,tone,1
michael,mind,1
michael,yet.,1
michael,search,1
michael,\'em,1
michael,group,1
michael,free.,1
michael,not,,1
michael,ton,1
michael,interacts,1
michael,Right.'],1
michael,/itunes,1
michael,"That,1
michael,addition,1
michael,date,,1
michael,backyard,1
michael,one.,1
michael,Time,1
michael,wacky,,1
michael,smoothly,,1
michael,laptop,1
michael,it?,1
michael,I'll,1
michael,running."],1
michael,thankfully."],1
michael,Standard,1
michael,goofball.'],1
michael,right.,1
michael,porch,1
michael,function,1
michael,['15,1
michael,is?",1
michael,crafts,1
michael,nature."],1
michael,Code.,1
michael,Jumpstart,1
michael,With,1
michael,are."],1
michael,go-to,1
michael,misconfigured,1
michael,learning,,1
michael,remain,1
michael,Folks,1
michael,gosh,,1
michael,mistakes,,1
michael,streams."],1
michael,out?"],1
michael,academic,,1
michael,was."],1
michael,personally,1
michael,electronics,1
michael,needed,1
michael,exclusive.,1
michael,deep,1
michael,APIs,1
michael,absolutely.,1
michael,floor,1
michael,forward?"],1
michael,channel,1
michael,not."],1
michael,nervous,1
michael,expect,1
michael,Up,1
michael,page.,1
michael,picture,1
michael,left,,1
michael,module,1
michael,9,1
michael,version,1
michael,Python?,1
michael,rate."],1
michael,out.,1
michael,update,,1
michael,"Well,,1
michael,ideas,1
michael,link,1
michael,GitHub,,1
michael,corner.,1
michael,Potato,,1
michael,way,,1
michael,years,1
michael,suggested,1
michael,solving,1
michael,feel,,1
michael,shakiness,1
michael,720p,1
michael,turning,1
michael,even,,1
michael,attendees,1
michael,robots.,1
michael,nagware,,1
michael,variable,1
michael,Yep,,1
michael,Potato,1
michael,model,1
michael,Yep.'],1
michael,using.,1
michael,to.,1
michael,person,1
michael,dealing,1
michael,money,1
michael,long,1
michael,honest,1
michael,this?",1
michael,Ignite.,1
michael,Scratch,1
michael,['34,1
michael,.NET,,1
michael,wall?,1
michael,mental,1
michael,existing,1
michael,customize,1
michael,bills,,1
michael,Somewhere,1
michael,custom,1
michael,heard,1
michael,focus,1
michael,material,1
michael,multi-task,1
michael,more,,1
michael,top.,1
michael,creative,1
michael,cardboard,1
michael,learn.'],1
michael,lights.",1
michael,expires.,1
michael,crazy,,1
michael,academic."],1
michael,remember.,1
michael,cameras,,1
michael,pre,,1
michael,Nina's,1
michael,O-B-S.,1
michael,them."],1
michael,visited,1
michael,spin,1
michael,wise,,1
michael,Building,1
michael,exclamation,1
michael,quick,1
michael,surprise,1
michael,this.,1
michael,general.,1
michael,handle,1
michael,talked,1
michael,teachers?",1
michael,really?'],1
michael,1920,1
michael,environment."],1
michael,scoop,1
michael,box,1
michael,route,,1
michael,glad,1
michael,XC15,1
michael,starts,1
michael,week,,1
michael,constant,,1
michael,happens,,1
michael,left,1
michael,honestly.,1
michael,lucky,,1
michael,microphone?,1
michael,constructs,1
michael,Twitch."],1
michael,resolution,1
michael,honestly,1
michael,code."],1
michael,written,1
michael,opposite,1
michael,capabilities,1
michael,environment.'],1
michael,challenges,1
michael,SDK,1
michael,pieces,1
michael,way."],1
michael,Subject,1
michael,Async,1
michael,shot,1
michael,career,1
michael,is,,1
michael,Compaq,1
michael,immediately,,1
michael,"across,1
michael,['35,1
michael,negativity,1
michael,captures,1
michael,company,1
michael,1080p,1
michael,internet,,1
michael,use,,1
michael,man."],1
michael,command,1
michael,geek,1
michael,wow!"'],1
michael,Software,1
michael,Zakharenko,,1
michael,continuing,1
michael,cameras,1
michael,We're,1
michael,go,,1
michael,matter,1
michael,creating,1
michael,easily,1
michael,multiple,1
michael,draws,1
michael,uploading,1
michael,listening,,1
michael,combination,,1
michael,machines.'],1
michael,from,,1
michael,world,,1
michael,async,1
michael,priced,1
michael,helpful."],1
michael,suggestions,,1
michael,talkpython.fm.,1
michael,Michael,1
michael,emotions,1
michael,turned,1
michael,midway,1
michael,led,1
michael,focused,1
michael,off,,1
michael,notified,1
michael,nature.,1
michael,talkpython.fm/usf,1
michael,high.,1
michael,Canon,1
michael,got,,1
michael,nowadays,1
michael,Zoom,1
michael,stand,1
michael,send,1
michael,IoT,1
michael,friction,1
michael,cranking,1
michael,forward,1
michael,direct,1
michael,installed,1
michael,time.,1
michael,Nina\'s,1
michael,passionate,1
michael,encourage,,1
michael,reviewed,1
michael,56K,1
michael,1080.'],1
michael,ears,,1
michael,other,,1
michael,maybe,,1
michael,experience."],1
michael,box,,1
michael,beginner,,1
michael,education,1
michael,application,1
michael,interesting.,1
michael,direction,1
michael,iterate,1
michael,opinion,1
michael,hardware,,1
michael,predetermined,1
michael,sense,1
michael,fact,1
michael,general."],1
michael,package,1
michael,screens,1
michael,removing,1
michael,Definitely,1
michael,either.,1
michael,choice,1
michael,Online.",1
michael,allowing,1
michael,didn\'t,,1
michael,educational,1
michael,He's,1
michael,setups,1
michael,XLR,1
michael,pip,1
michael,specific,1
michael,Everybody's,1
michael,laptops."],1
michael,happens."],1
michael,opportunities,1
michael,site,,1
michael,randomly,,1
michael,follow,1
michael,Bundle.,1
michael,audio,,1
michael,From,1
michael,subscribes,1
michael,voice,1
michael,['47,1
michael,advocacy,1
michael,It,1
michael,focused.'],1
michael,operating,1
michael,game,1
michael,Software.,1
michael,straight,1
michael,CircuitPython,1
michael,chain,1
michael,['55,1
michael,Python?"],1
michael,stick,1
michael,keywords,1
michael,In,1
michael,members,,1
michael,moment,1
michael,days,,1
michael,page,,1
michael,experienced,1
michael,channel,,1
michael,with."],1
michael,welcoming,1
michael,command,,1
michael,streams,1
michael,Which,1
michael,Adafruit."],1
michael,encoding,1
michael,know?,1
michael,screen.,1
michael,Logitech,1
michael,host,,1
michael,essentially.,1
michael,honestly,,1
michael,knowing,1
michael,topics.,1
michael,funny,,1
michael,experiences,1
michael,you."],1
michael,mean?,1
michael,true,,1
michael,Really,1
michael,totally,,1
michael,blueprint,1
michael,wasting,1
michael,Podcaster.'],1
michael,normal.,1
michael,Node,1
michael,Cameron's,1
michael,"Oh,,1
michael,cover,1
michael,happens,",1
michael,streaming.,1
michael,engulfed,1
michael,Advocacy,1
michael,way.,1
michael,granted,1
michael,weekend,1
michael,somebody\'s,1
michael,Again,,1
michael,Hey,,1
michael,Obs,,1
michael,directly,1
michael,function,,1
michael,Tech,,1
michael,Friday,1
michael,paid,1
michael,skill,1
michael,technologist,1
michael,streamer,,1
michael,get,,1
michael,think,,1
michael,push,1
michael,Play,1
michael,feedback,1
michael,reverse,1
michael,['29,1
michael,tooling,1
michael,origin,1
michael,reasons,1
michael,introducing,1
michael,actually,,1
michael,exciting,1
michael,games."],1
michael,ever-growing,1
michael,cool."],1
michael,channels,1
michael,bulbs,1
michael,Advocacy,,1
michael,ability,,1
michael,right?",1
michael,student,1
michael,trolling,1
michael,muscle,1
michael,times,,1
michael,Nina,1
michael,engage,1
michael,loosely,1
michael,go.,1
michael,again.,1
michael,assume,1
michael,headphones,1
michael,logic,1
michael,application?,1
michael,\'cause,1
michael,casual,1
michael,Presarios,1
michael,developer-centric,1
michael,social,1
michael,cost,1
michael,path,1
michael,team,1
michael,hear,,1
michael,Build,1
michael,knock,1
michael,browser,,1
michael,load,1
michael,floating,1
michael,hallway,1
michael,brand,1
michael,awesome,,1
michael,thinking,1
michael,story,,1
michael,Fairly,1
michael,idea,1
michael,MacBook,1
michael,world.",1
michael,packages,1
michael,key.'],1
michael,modules,,1
michael,front."],1
michael,submission,1
michael,serious,,1
michael,Python.,1
michael,millions,1
michael,person,,1
michael,writing,1
michael,['58,1
michael,tuning,1
michael,tech,1
michael,emotion,1
michael,Exactly.,1
michael,off.,1
michael,us,,1
michael,environments,1
michael,exporting,1
michael,wet,1
michael,blocks,1
michael,idea.,1
michael,daughter,1
michael,notes.,1
michael,up."],1
michael,catching,1
michael,watch,1
michael,functional,,1
michael,devices,1
michael,Nina's,,1
michael,interactions,1
michael,file,1
michael,months."],1
michael,attendees,,1
michael,investment,,1
michael,provider,1
michael,culture,1
michael,enjoying,1
michael,backhoe,1
michael,developers,1
michael,happen,,1
michael,Gentoo,1
michael,recognizes,1
michael,usual,1
michael,AI,1
michael,worry,1
michael,Google,1
michael,happen.,1
michael,iterating,1
michael,easy,1
michael,split,1
michael,video,,1
michael,remove,1
michael,Melbourne,,1
michael,people's,1
michael,Ubuntu,,1
michael,passively,,1
michael,['26,1
michael,live,,1
michael,room."],1
michael,elaborate,1
michael,heads,1
michael,sides,1
michael,connection,1
michael,well,,1
michael,100,1
michael,twofold,1
michael,human,1
michael,forward,,1
michael,series,1
michael,technology-wise,,1
michael,digs,1
michael,area,1
michael,doors,1
michael,basic,1
michael,pronounce,1
michael,encouraging,1
michael,note,1
michael,Thanks,1
michael,On,1
michael,microphone,,1
michael,updates,1
michael,assuming,1
michael,['03,1
michael,recording,1
michael,I\'ve,1
michael,cool,,1
michael,production,,1
michael,yourself.,1
michael,strong,1
michael,curious,,1
michael,"Let\'s,1
michael,goof,1
michael,preparing,1
michael,backgrounds,1
michael,me,,1
michael,temperature,1
michael,writer.,1
michael,get"],1
michael,RSS,1
michael,kidding,,1
michael,course."],1
michael,differentiates,1
michael,ecosystem,1
michael,have,,1
michael,current,1
michael,technical,1
michael,intimidating.",1
michael,reference,1
michael,myself.,1
michael,hot,1
michael,just..."],1
michael,on."],1
michael,side,,1
michael,together,,1
michael,professional,1
michael,C#,,1
michael,advantage,1
michael,speaking,1
michael,enthusiast,1
michael,Macintosh,1
michael,app,1
michael,properly,1
michael,cool.,1
michael,wall,1
michael,show.,1
michael,dig,1
michael,3.8,,1
michael,popular,1
michael,lower,1
michael,state,1
michael,code.py,1
michael,traditionally,1
michael,care,1
michael,Kennedy.,1
michael,other.,1
michael,scripted,1
michael,streams,,1
michael,automatically,1
michael,thorough,,1
michael,simple,,1
michael,intimidating,,1
michael,notes,1
michael,started,,1
michael,['12,1
michael,itching,1
michael,respects,1
michael,literally,1
michael,possible.,1
michael,it\'ll,1
michael,30,000,1
michael,['44,1
michael,10s,1
michael,industry,1
michael,rough,,1
michael,Yeah,1
michael,first.,1
michael,standard,1
michael,approach,1
michael,quickly.,1
michael,wide,1
michael,globe,1
michael,extension,,1
michael,API,,1
michael,wheels,1
michael,Surprisingly,1
michael,faces,1
michael,atmosphere,1
michael,planned,1
michael,topic?",1
michael,everything.,1
michael,['56,1
michael,a.m.,1
michael,programming."],1
michael,on.,1
michael,pipenv.'],1
michael,B,,1
michael,integrity,1
michael,API,1
michael,agree,1
michael,excited,1
michael,both,,1
michael,2016,1
michael,levels,1
michael,called.,1
michael,terms,,1
michael,CSS.,1
michael,notification,,1
michael,everybody's,1
michael,prefixed,1
michael,products,,1
michael,preview,,1
michael,room.,1
michael,price,1
michael,what\'s,1
michael,understands,1
michael,experts,1
michael,do.,1
michael,difference,,1
michael,Thanks.'],1
michael,funny.,1
michael,advocate,1
michael,right."],1
michael,coolest,1
michael,space,1
michael,generate,1
michael,arms,1
michael,content."],1
michael,spinning,1
michael,first,,1
michael,members,1
michael,Brian,,1
michael,that'd,1
michael,be.,1
michael,OBS,1
michael,me.'],1
michael,['46,1
michael,Because,1
michael,be."],1
michael,detect,1
michael,hired,1
michael,happen,1
michael,enjoy,1
michael,Rode,1
michael,setup.,1
michael,effects,1
michael,produced."],1
michael,much,,1
michael,subscribe,1
michael,nights,1
michael,['30,1
michael,presented,1
michael,source.,1
michael,drawing,,1
michael,winging,1
michael,four,,1
michael,quick.,1
michael,painting,,1
michael,Eastern,1
michael,tablet,,1
michael,term,1
michael,editor,1
michael,turnoff,1
michael,webinar,1
michael,alright,,1
michael,beneficial,1
michael,stepping,1
michael,else."],1
michael,continue,1
michael,o'clock,1
michael,source,,1
michael,play."],1
michael,Skype,1
michael,Honestly,,1
michael,hearing,1
michael,reexplain,1
michael,sweaty,,1
michael,topics."],1
michael,form,1
michael,Also,1
michael,questions,1
michael,interfaces,1
michael,join,1
michael,sure.'],1
michael,missed,1
michael,figured,1
michael,industry.'],1
michael,scene,1
michael,work.,1
michael,same,,1
michael,absolutely.'],1
michael,best,,1
michael,tilts,1
michael,ground,1
michael,Now,1
michael,covered,1
michael,blog,1
michael,job,1
michael,development,1
michael,press,,1
michael,blown,1
michael,newer,1
michael,too,,1
michael,evolve,1
michael,loads,1
michael,video."],1
michael,online,1
michael,places,,1
michael,sparked,1
michael,Developer,1
michael,jobs,1
michael,All,1
michael,interactivity,1
michael,location,1
michael,downloads,,1
michael,ads,1
michael,then."],1
michael,YouTube,,1
michael,smart,1
michael,toys,1
michael,using,,1
michael,frameworks,1
michael,Docker,,1
michael,involved.,1
michael,do."],1
michael,said,,1
michael,browser,1
michael,technologies,1
michael,natural,1
michael,30,1
michael,technology,,1
michael,to."],1
michael,definitely.,1
michael,feet,1
michael,stage,1
michael,traction,1
michael,chatroom.,1
michael,arts,1
michael,ago,1
michael,links,1
michael,"Did,1
michael,something's,1
michael,know,,1
michael,setup-wise.,1
michael,conferencing,1
michael,anyway,,1
michael,explore,1
michael,template,1
michael,funny,1
michael,Medium."],1
michael,flow,1
michael,now."],1
michael,piece,1
michael,fair.,1
michael,plastic,1
michael,bit."],1
michael,classrooms,,1
michael,intimidated,1
michael,evangelism,1
michael,60,1
michael,included,,1
michael,supposed,1
michael,SDK's,1
michael,Be,1
michael,/rss,1
michael,had,,1
michael,sight,1
michael,length,1
michael,hour,,1
michael,languages.,1
michael,man.,1
michael,doing,,1
michael,difference,1
michael,future,1
michael,trust,1
michael,Cecil,,1
michael,way.'],1
michael,commands,1
michael,920,1
michael,volume,1
michael,mindset,1
michael,students,1
michael,folks,,1
michael,am..."],1
michael,wasn\'t,1
michael,world.,1
michael,off,",1
michael,better,,1
michael,today,,1
michael,table,1
michael,trigger,1
michael,concepts,1
michael,podcatcher,1
michael,you,,1
michael,installing,1
michael,robots,1
michael,times,1
michael,months,,1
michael,Chromebooks,1
michael,Cantabile,1
michael,well.",1
michael,gist,1
michael,/play,1
michael,C#,1
michael,separate,1
michael,going,,1
michael,C920,,1
michael,Advocate,1
michael,Definitely,,1
michael,screen."],1
michael,table.,1
michael,lever,1
michael,outer,1
michael,tools,1
michael,pyenv.,1
michael,Cantabile.,1
michael,totally.,1
panelists,Panelists',,124
panelists,",89
panelists,',35
panelists,kind,27
panelists,Python,24
panelists,lot,23
panelists,So,23
panelists,Yeah,,22
panelists,it,,18
panelists,things,17
panelists,But,16
panelists,it.,15
panelists,It's,14
panelists,folks,14
panelists,stuff,13
panelists,bit,13
panelists,start,13
panelists,like,,13
panelists,streaming,13
panelists,Brian,12
panelists,stream,12
panelists,video,11
panelists,started,11
panelists,that,,11
panelists,talk,10
panelists,yeah,,10
panelists,feel,10
panelists,it\'s,10
panelists,We,9
panelists,I've,9
panelists,thing,9
panelists,types,9
panelists,set,9
panelists,there,,8
panelists,code,8
panelists,right?,8
panelists,great,8
panelists,Twitch,8
panelists,thing,,7
panelists,environment,7
panelists,chatroom,7
panelists,understand,7
panelists,super,7
panelists,learning,7
panelists,"Hey,,7
panelists,YouTube,7
panelists,talking,7
panelists,open,7
panelists,The,7
panelists,device,7
panelists,to,,6
panelists,interesting,6
panelists,background,6
panelists,platform,6
panelists,opportunity,6
panelists,Studio,6
panelists,hardware,6
panelists,'cause,6
panelists,turn,6
panelists,live,6
panelists,Visual,6
panelists,web,6
panelists,essentially,6
panelists,experience,6
panelists,You,6
panelists,programming,6
panelists,this,,6
panelists,beginner,6
panelists,built,6
panelists,fun,6
panelists,months,6
panelists,now,,5
panelists,level,5
panelists,one,,5
panelists,['49,5
panelists,that\'s,5
panelists,don\'t,5
panelists,GitHub,5
panelists,machine,5
panelists,['16,5
panelists,perspective,5
panelists,'Cause,5
panelists,desktop,5
panelists,Cecil,5
panelists,right,,5
panelists,there\'s,5
panelists,learned,5
panelists,Right,,5
panelists,thing."],5
panelists,things.,5
panelists,case,5
panelists,Exactly,,5
panelists,show,,4
panelists,we\'ve,4
panelists,Voicemeeter,4
panelists,['50,4
panelists,repo,4
panelists,light,4
panelists,days,4
panelists,['11,4
panelists,terms,4
panelists,What,4
panelists,thing.,4
panelists,['17,4
panelists,create,4
panelists,up,,4
panelists,Javascript,4
panelists,write,4
panelists,dev.to,4
panelists,add,4
panelists,There's,4
panelists,developer,4
panelists,software,4
panelists,out,,4
panelists,fan,4
panelists,type,4
panelists,['37,4
panelists,there."],4
panelists,['00,4
panelists,setup,4
panelists,Python,,4
panelists,['25,4
panelists,hard,4
panelists,interested,4
panelists,benefit,4
panelists,Yes,,4
panelists,['33,4
panelists,['23,4
panelists,point,4
panelists,tool,4
panelists,When,4
panelists,building,4
panelists,friendly,4
panelists,pretty,4
panelists,room,4
panelists,If,4
panelists,totally,4
panelists,['40,3
panelists,challenge,3
panelists,build,3
panelists,['52,3
panelists,streaming,,3
panelists,environment,,3
panelists,running,3
panelists,making,3
panelists,sure,,3
panelists,Javascript,,3
panelists,week,3
panelists,Oh,3
panelists,there.,3
panelists,cool,3
panelists,is.,3
panelists,listen,3
panelists,knowledge,3
panelists,that.,3
panelists,chat,3
panelists,ahead,3
panelists,we\'ll,3
panelists,pop,3
panelists,post,3
panelists,upgrade,3
panelists,['48,3
panelists,stream,,3
panelists,recordings,3
panelists,['53,3
panelists,check,3
panelists,Well,,3
panelists,['02,3
panelists,spoken,3
panelists,working,3
panelists,wanted,3
panelists,['13,3
panelists,feed,3
panelists,lights,3
panelists,room,,3
panelists,blogging,3
panelists,advice,3
panelists,depending,3
panelists,repo,,3
panelists,microphone,3
panelists,screen,3
panelists,Microsoft,3
panelists,['07,3
panelists,Code,3
panelists,livestream,3
panelists,engaging,3
panelists,affect,3
panelists,stuff,,3
panelists,exactly.,3
panelists,prior,3
panelists,.NET,3
panelists,that."],3
panelists,publish,3
panelists,for,,3
panelists,color,3
panelists,she\'s,3
panelists,['18,3
panelists,didn\'t,3
panelists,Windows,3
panelists,Absolutely,,3
panelists,kinds,3
panelists,You're,3
panelists,No,,3
panelists,programming,,3
panelists,computer,3
panelists,Open,3
panelists,free,3
panelists,hear,3
panelists,intimidating,3
panelists,['28,3
panelists,learn,3
panelists,play,3
panelists,['31,3
panelists,That,3
panelists,['22,3
panelists,Linux,3
panelists,fantastic,3
panelists,Azure,3
panelists,time,,3
panelists,things,,3
panelists,again,,3
panelists,setting,3
panelists,camera,3
panelists,watching,3
panelists,apply,3
panelists,content,3
panelists,happy,3
panelists,schools,3
panelists,aspect,3
panelists,big,3
panelists,helpful,2
panelists,pick,2
panelists,thing.'],2
panelists,saying,,2
panelists,Some,2
panelists,point,,2
panelists,integrate,2
panelists,mean,,2
panelists,weeks,2
panelists,audio,2
panelists,feature,2
panelists,filtering,2
panelists,living,2
panelists,explain,2
panelists,change,2
panelists,ability,2
panelists,college,2
panelists,['09,2
panelists,stuff."],2
panelists,hit,2
panelists,voting,2
panelists,course,,2
panelists,['01,2
panelists,combination,2
panelists,ago,,2
panelists,Sure,,2
panelists,Our,2
panelists,interact,2
panelists,questions,,2
panelists,machines,2
panelists,lose,2
panelists,account,,2
panelists,teaching,2
panelists,people,,2
panelists,Wednesday,2
panelists,frame,2
panelists,before,,2
panelists,This,2
panelists,key,2
panelists,['36,2
panelists,general,2
panelists,options,2
panelists,support,2
panelists,software,,2
panelists,absolutely,2
panelists,done,,2
panelists,dedicated,2
panelists,nice,2
panelists,green,2
panelists,Broadcasting,2
panelists,share,2
panelists,robot,2
panelists,videos,2
panelists,Medium,2
panelists,posting,2
panelists,Nah,,2
panelists,today,2
panelists,hours,2
panelists,view,2
panelists,wall,,2
panelists,love,2
panelists,acquainted,2
panelists,['19,2
panelists,patch,2
panelists,see,,2
panelists,workshop,2
panelists,VS,2
panelists,device,,2
panelists,demo,2
panelists,Express,2
panelists,yet,,2
panelists,it.",2
panelists,language,2
panelists,recognize,2
panelists,interesting."],2
panelists,remember,2
panelists,yeah.,2
panelists,frames,2
panelists,changing,2
panelists,internet,2
panelists,inside,2
panelists,dependencies,2
panelists,watch,,2
panelists,Very,2
panelists,involved,2
panelists,20,2
panelists,practice,2
panelists,10,2
panelists,putting,2
panelists,podcasting,2
panelists,Scarlett,2
panelists,realizing,2
panelists,sees,2
panelists,tons,2
panelists,free,,2
panelists,For,2
panelists,learnpython.dev,,2
panelists,['32,2
panelists,range,2
panelists,foundational,2
panelists,basically,2
panelists,limited,2
panelists,grab,2
panelists,do,,2
panelists,notifications,2
panelists,ways,2
panelists,['43,2
panelists,"How,2
panelists,imagine,2
panelists,month,2
panelists,['20,2
panelists,['21,2
panelists,second."],2
panelists,backup,2
panelists,no,,2
panelists,Ignite,2
panelists,huge,2
panelists,lot,,2
panelists,topics,,2
panelists,Twitch,,2
panelists,['57,2
panelists,about,,2
panelists,website,2
panelists,pay,2
panelists,stay,2
panelists,gaming,2
panelists,['14,2
panelists,worried,2
panelists,I'd,2
panelists,source,2
panelists,old,,2
panelists,languages,2
panelists,originally,2
panelists,bulb,2
panelists,"Wow,,2
panelists,coding,2
panelists,install,2
panelists,in,,2
panelists,head,2
panelists,perspective.'],2
panelists,comfortable,2
panelists,catch,2
panelists,['24,2
panelists,Like,2
panelists,helps,2
panelists,office,,2
panelists,publishing,2
panelists,fun,,2
panelists,it.'],2
panelists,Florida,2
panelists,starting,2
panelists,['59,2
panelists,about.,2
panelists,IoT,,2
panelists,guess,2
panelists,coming,2
panelists,right?"],2
panelists,that.'],2
panelists,us."],2
panelists,extent,2
panelists,cloud,2
panelists,Team,,2
panelists,let\'s,2
panelists,tinkering,2
panelists,noise,2
panelists,features,2
panelists,attention,2
panelists,here,,2
panelists,community,2
panelists,Code.'],2
panelists,section.,2
panelists,sit,2
panelists,sound,2
panelists,main,2
panelists,streamer,2
panelists,doing.,2
panelists,answering,2
panelists,buttons,2
panelists,bot,2
panelists,finish,2
panelists,Cloud,2
panelists,Everything,2
panelists,practice,,2
panelists,podcast,2
panelists,called,2
panelists,How,2
panelists,contribute,2
panelists,couple,2
panelists,at,,2
panelists,screen,,2
panelists,"Let,2
panelists,['54,2
panelists,this.",2
panelists,section,,2
panelists,they\'ll,2
panelists,exercises,2
panelists,positive,2
panelists,with,,2
panelists,viewers,2
panelists,['38,2
panelists,11,2
panelists,obstacle,2
panelists,students,,2
panelists,['51,2
panelists,simple.,2
panelists,stuff.,2
panelists,happening,2
panelists,introduced,2
panelists,it."],2
panelists,extension,2
panelists,There,2
panelists,input,2
panelists,wanting,2
panelists,turns,2
panelists,'em,2
panelists,['10,2
panelists,office,2
panelists,viewer,2
panelists,asked,2
panelists,robot,,2
panelists,real,2
panelists,spoke,2
panelists,machine,,2
panelists,nature,,1
panelists,['08,1
panelists,knew,1
panelists,technology,1
panelists,lazy,1
panelists,financial,1
panelists,CA,1
panelists,frustrated,1
panelists,demonstrating,1
panelists,shoot,1
panelists,Pro,,1
panelists,necessarily,,1
panelists,issued,1
panelists,raise,1
panelists,sponsored,1
panelists,equipment,1
panelists,moment.,1
panelists,Learning,1
panelists,libraries,1
panelists,instance,1
panelists,say,,1
panelists,these,,1
panelists,ringing,1
panelists,subscription,1
panelists,covering,1
panelists,is."],1
panelists,consistently,1
panelists,two-fold,1
panelists,atmosphere."],1
panelists,answer,1
panelists,surprised,1
panelists,higher,1
panelists,things.'],1
panelists,whatever,,1
panelists,basic,,1
panelists,conditional,1
panelists,sounds,1
panelists,concept,,1
panelists,markdown,,1
panelists,ends,1
panelists,service,1
panelists,sensor,1
panelists,resources,1
panelists,['41,1
panelists,fine,,1
panelists,gosh.'],1
panelists,thought,1
panelists,understanding,1
panelists,modem,1
panelists,Channel,1
panelists,hands."],1
panelists,loud,1
panelists,phone,1
panelists,favorite,1
panelists,workshops,1
panelists,foundation."],1
panelists,friendly.,1
panelists,deeper,1
panelists,finished,1
panelists,more.,1
panelists,beginner-centric,1
panelists,question,1
panelists,now.,1
panelists,alerts,1
panelists,TV,1
panelists,Four,1
panelists,that\'ll,1
panelists,have.'],1
panelists,day,,1
panelists,announcement,1
panelists,together.,1
panelists,crazy,1
panelists,chatroom,,1
panelists,live."],1
panelists,Medium.com,1
panelists,Use,1
panelists,up.,1
panelists,establish,1
panelists,rights,1
panelists,subtle,,1
panelists,generated,1
panelists,think."],1
panelists,"Okay,,1
panelists,read,,1
panelists,shows.,1
panelists,yesterday,,1
panelists,same."],1
panelists,PC,1
panelists,piggyback,1
panelists,intimidating.,1
panelists,Devs,1
panelists,Want,1
panelists,something,,1
panelists,cool.'],1
panelists,Apps,1
panelists,memory,1
panelists,clean,1
panelists,plan."],1
panelists,schools,,1
panelists,Just,1
panelists,episode,,1
panelists,shake,1
panelists,backgrounds.,1
panelists,exercise,1
panelists,virtual,1
panelists,['05,1
panelists,body,1
panelists,variable,,1
panelists,teammate,,1
panelists,scenes,,1
panelists,particular,,1
panelists,production,1
panelists,iTunes,1
panelists,time?,1
panelists,challenging,1
panelists,see."'],1
panelists,somebody?",1
panelists,cheaper,1
panelists,actually.,1
panelists,faculty,1
panelists,audience,1
panelists,Online,1
panelists,problem,1
panelists,Twitch.,1
panelists,subscribe.,1
panelists,CodeWars.com?"],1
panelists,available."],1
panelists,about."],1
panelists,pays,1
panelists,advanced,1
panelists,belt,,1
panelists,powerful,1
panelists,hyped,1
panelists,roots,1
panelists,life.,1
panelists,habit,1
panelists,sure.,1
panelists,entertained,1
panelists,perspective,,1
panelists,Brian's,1
panelists,pleasant,1
panelists,seven.,1
panelists,call,,1
panelists,slowly,1
panelists,4K,1
panelists,leave,1
panelists,Even,1
panelists,yeah.'],1
panelists,deliver,1
panelists,keyboard,1
panelists,later."],1
panelists,pumped,1
panelists,bases,1
panelists,listening,1
panelists,path.,1
panelists,model,,1
panelists,tone,1
panelists,mind,1
panelists,yet.,1
panelists,search,1
panelists,\'em,1
panelists,group,1
panelists,free.,1
panelists,not,,1
panelists,ton,1
panelists,interacts,1
panelists,Right.'],1
panelists,/itunes,1
panelists,"That,1
panelists,addition,1
panelists,date,,1
panelists,backyard,1
panelists,one.,1
panelists,Time,1
panelists,wacky,,1
panelists,smoothly,,1
panelists,laptop,1
panelists,it?,1
panelists,I'll,1
panelists,running."],1
panelists,thankfully."],1
panelists,Standard,1
panelists,goofball.'],1
panelists,right.,1
panelists,porch,1
panelists,function,1
panelists,['15,1
panelists,is?",1
panelists,crafts,1
panelists,nature."],1
panelists,Code.,1
panelists,Jumpstart,1
panelists,With,1
panelists,are."],1
panelists,go-to,1
panelists,misconfigured,1
panelists,learning,,1
panelists,remain,1
panelists,Folks,1
panelists,gosh,,1
panelists,mistakes,,1
panelists,streams."],1
panelists,out?"],1
panelists,academic,,1
panelists,was."],1
panelists,personally,1
panelists,electronics,1
panelists,needed,1
panelists,exclusive.,1
panelists,deep,1
panelists,APIs,1
panelists,absolutely.,1
panelists,floor,1
panelists,forward?"],1
panelists,channel,1
panelists,not."],1
panelists,nervous,1
panelists,expect,1
panelists,Up,1
panelists,page.,1
panelists,picture,1
panelists,left,,1
panelists,module,1
panelists,9,1
panelists,version,1
panelists,Python?,1
panelists,rate."],1
panelists,out.,1
panelists,update,,1
panelists,"Well,,1
panelists,ideas,1
panelists,link,1
panelists,GitHub,,1
panelists,corner.,1
panelists,Potato,,1
panelists,way,,1
panelists,years,1
panelists,suggested,1
panelists,solving,1
panelists,feel,,1
panelists,shakiness,1
panelists,720p,1
panelists,turning,1
panelists,even,,1
panelists,attendees,1
panelists,robots.,1
panelists,nagware,,1
panelists,variable,1
panelists,Yep,,1
panelists,Potato,1
panelists,model,1
panelists,Yep.'],1
panelists,using.,1
panelists,to.,1
panelists,person,1
panelists,dealing,1
panelists,money,1
panelists,long,1
panelists,honest,1
panelists,this?",1
panelists,Ignite.,1
panelists,Scratch,1
panelists,['34,1
panelists,.NET,,1
panelists,wall?,1
panelists,mental,1
panelists,existing,1
panelists,customize,1
panelists,bills,,1
panelists,Somewhere,1
panelists,custom,1
panelists,heard,1
panelists,focus,1
panelists,material,1
panelists,multi-task,1
panelists,more,,1
panelists,top.,1
panelists,creative,1
panelists,cardboard,1
panelists,learn.'],1
panelists,lights.",1
panelists,expires.,1
panelists,crazy,,1
panelists,academic."],1
panelists,remember.,1
panelists,cameras,,1
panelists,pre,,1
panelists,Nina's,1
panelists,O-B-S.,1
panelists,them."],1
panelists,visited,1
panelists,spin,1
panelists,wise,,1
panelists,Building,1
panelists,exclamation,1
panelists,quick,1
panelists,surprise,1
panelists,this.,1
panelists,general.,1
panelists,handle,1
panelists,talked,1
panelists,teachers?",1
panelists,really?'],1
panelists,1920,1
panelists,environment."],1
panelists,scoop,1
panelists,box,1
panelists,route,,1
panelists,glad,1
panelists,XC15,1
panelists,starts,1
panelists,week,,1
panelists,constant,,1
panelists,happens,,1
panelists,left,1
panelists,honestly.,1
panelists,lucky,,1
panelists,microphone?,1
panelists,constructs,1
panelists,Twitch."],1
panelists,resolution,1
panelists,honestly,1
panelists,code."],1
panelists,written,1
panelists,opposite,1
panelists,capabilities,1
panelists,environment.'],1
panelists,challenges,1
panelists,SDK,1
panelists,pieces,1
panelists,way."],1
panelists,Subject,1
panelists,Async,1
panelists,shot,1
panelists,career,1
panelists,is,,1
panelists,Compaq,1
panelists,immediately,,1
panelists,"across,1
panelists,['35,1
panelists,negativity,1
panelists,captures,1
panelists,company,1
panelists,1080p,1
panelists,internet,,1
panelists,use,,1
panelists,man."],1
panelists,command,1
panelists,geek,1
panelists,wow!"'],1
panelists,Software,1
panelists,Zakharenko,,1
panelists,continuing,1
panelists,cameras,1
panelists,We're,1
panelists,go,,1
panelists,matter,1
panelists,creating,1
panelists,easily,1
panelists,multiple,1
panelists,draws,1
panelists,uploading,1
panelists,listening,,1
panelists,combination,,1
panelists,machines.'],1
panelists,from,,1
panelists,world,,1
panelists,async,1
panelists,priced,1
panelists,helpful."],1
panelists,suggestions,,1
panelists,talkpython.fm.,1
panelists,Michael,1
panelists,emotions,1
panelists,turned,1
panelists,midway,1
panelists,led,1
panelists,focused,1
panelists,off,,1
panelists,notified,1
panelists,nature.,1
panelists,talkpython.fm/usf,1
panelists,high.,1
panelists,Canon,1
panelists,got,,1
panelists,nowadays,1
panelists,Zoom,1
panelists,stand,1
panelists,send,1
panelists,IoT,1
panelists,friction,1
panelists,cranking,1
panelists,forward,1
panelists,direct,1
panelists,installed,1
panelists,time.,1
panelists,Nina\'s,1
panelists,passionate,1
panelists,encourage,,1
panelists,reviewed,1
panelists,56K,1
panelists,1080.'],1
panelists,ears,,1
panelists,other,,1
panelists,maybe,,1
panelists,experience."],1
panelists,box,,1
panelists,beginner,,1
panelists,education,1
panelists,application,1
panelists,interesting.,1
panelists,direction,1
panelists,iterate,1
panelists,opinion,1
panelists,hardware,,1
panelists,predetermined,1
panelists,sense,1
panelists,fact,1
panelists,general."],1
panelists,package,1
panelists,screens,1
panelists,removing,1
panelists,Definitely,1
panelists,either.,1
panelists,choice,1
panelists,Online.",1
panelists,allowing,1
panelists,didn\'t,,1
panelists,educational,1
panelists,He's,1
panelists,setups,1
panelists,XLR,1
panelists,pip,1
panelists,specific,1
panelists,Everybody's,1
panelists,laptops."],1
panelists,happens."],1
panelists,opportunities,1
panelists,site,,1
panelists,randomly,,1
panelists,follow,1
panelists,Bundle.,1
panelists,audio,,1
panelists,From,1
panelists,subscribes,1
panelists,voice,1
panelists,['47,1
panelists,advocacy,1
panelists,It,1
panelists,focused.'],1
panelists,operating,1
panelists,game,1
panelists,Software.,1
panelists,straight,1
panelists,CircuitPython,1
panelists,chain,1
panelists,['55,1
panelists,Python?"],1
panelists,stick,1
panelists,keywords,1
panelists,In,1
panelists,members,,1
panelists,moment,1
panelists,days,,1
panelists,page,,1
panelists,experienced,1
panelists,channel,,1
panelists,with."],1
panelists,welcoming,1
panelists,command,,1
panelists,streams,1
panelists,Which,1
panelists,Adafruit."],1
panelists,encoding,1
panelists,know?,1
panelists,screen.,1
panelists,Logitech,1
panelists,host,,1
panelists,essentially.,1
panelists,honestly,,1
panelists,knowing,1
panelists,topics.,1
panelists,funny,,1
panelists,experiences,1
panelists,you."],1
panelists,mean?,1
panelists,true,,1
panelists,Really,1
panelists,totally,,1
panelists,blueprint,1
panelists,wasting,1
panelists,Podcaster.'],1
panelists,normal.,1
panelists,Node,1
panelists,Cameron's,1
panelists,"Oh,,1
panelists,cover,1
panelists,happens,",1
panelists,streaming.,1
panelists,engulfed,1
panelists,Advocacy,1
panelists,way.,1
panelists,granted,1
panelists,weekend,1
panelists,somebody\'s,1
panelists,Again,,1
panelists,Hey,,1
panelists,Obs,,1
panelists,directly,1
panelists,function,,1
panelists,Tech,,1
panelists,Friday,1
panelists,paid,1
panelists,skill,1
panelists,technologist,1
panelists,streamer,,1
panelists,get,,1
panelists,think,,1
panelists,push,1
panelists,Play,1
panelists,feedback,1
panelists,reverse,1
panelists,['29,1
panelists,tooling,1
panelists,origin,1
panelists,reasons,1
panelists,introducing,1
panelists,actually,,1
panelists,exciting,1
panelists,games."],1
panelists,ever-growing,1
panelists,cool."],1
panelists,channels,1
panelists,bulbs,1
panelists,Advocacy,,1
panelists,ability,,1
panelists,right?",1
panelists,student,1
panelists,trolling,1
panelists,muscle,1
panelists,times,,1
panelists,Nina,1
panelists,engage,1
panelists,loosely,1
panelists,go.,1
panelists,again.,1
panelists,assume,1
panelists,headphones,1
panelists,logic,1
panelists,application?,1
panelists,\'cause,1
panelists,casual,1
panelists,Presarios,1
panelists,developer-centric,1
panelists,social,1
panelists,cost,1
panelists,path,1
panelists,team,1
panelists,hear,,1
panelists,Build,1
panelists,knock,1
panelists,browser,,1
panelists,load,1
panelists,floating,1
panelists,hallway,1
panelists,brand,1
panelists,awesome,,1
panelists,thinking,1
panelists,story,,1
panelists,Fairly,1
panelists,idea,1
panelists,MacBook,1
panelists,world.",1
panelists,packages,1
panelists,key.'],1
panelists,modules,,1
panelists,front."],1
panelists,submission,1
panelists,serious,,1
panelists,Python.,1
panelists,millions,1
panelists,person,,1
panelists,writing,1
panelists,['58,1
panelists,tuning,1
panelists,tech,1
panelists,emotion,1
panelists,Exactly.,1
panelists,off.,1
panelists,us,,1
panelists,environments,1
panelists,exporting,1
panelists,wet,1
panelists,blocks,1
panelists,idea.,1
panelists,daughter,1
panelists,notes.,1
panelists,up."],1
panelists,catching,1
panelists,watch,1
panelists,functional,,1
panelists,devices,1
panelists,Nina's,,1
panelists,interactions,1
panelists,file,1
panelists,months."],1
panelists,attendees,,1
panelists,investment,,1
panelists,provider,1
panelists,culture,1
panelists,enjoying,1
panelists,backhoe,1
panelists,developers,1
panelists,happen,,1
panelists,Gentoo,1
panelists,recognizes,1
panelists,usual,1
panelists,AI,1
panelists,worry,1
panelists,Google,1
panelists,happen.,1
panelists,iterating,1
panelists,easy,1
panelists,split,1
panelists,video,,1
panelists,remove,1
panelists,Melbourne,,1
panelists,people's,1
panelists,Ubuntu,,1
panelists,passively,,1
panelists,['26,1
panelists,live,,1
panelists,room."],1
panelists,elaborate,1
panelists,heads,1
panelists,sides,1
panelists,connection,1
panelists,well,,1
panelists,100,1
panelists,twofold,1
panelists,human,1
panelists,forward,,1
panelists,series,1
panelists,technology-wise,,1
panelists,digs,1
panelists,area,1
panelists,doors,1
panelists,basic,1
panelists,pronounce,1
panelists,encouraging,1
panelists,note,1
panelists,Thanks,1
panelists,On,1
panelists,microphone,,1
panelists,updates,1
panelists,assuming,1
panelists,['03,1
panelists,recording,1
panelists,I\'ve,1
panelists,cool,,1
panelists,production,,1
panelists,yourself.,1
panelists,strong,1
panelists,curious,,1
panelists,"Let\'s,1
panelists,goof,1
panelists,preparing,1
panelists,backgrounds,1
panelists,me,,1
panelists,temperature,1
panelists,writer.,1
panelists,get"],1
panelists,RSS,1
panelists,kidding,,1
panelists,course."],1
panelists,differentiates,1
panelists,ecosystem,1
panelists,have,,1
panelists,current,1
panelists,technical,1
panelists,intimidating.",1
panelists,reference,1
panelists,myself.,1
panelists,hot,1
panelists,just..."],1
panelists,on."],1
panelists,side,,1
panelists,together,,1
panelists,professional,1
panelists,C#,,1
panelists,advantage,1
panelists,speaking,1
panelists,enthusiast,1
panelists,Macintosh,1
panelists,app,1
panelists,properly,1
panelists,cool.,1
panelists,wall,1
panelists,show.,1
panelists,dig,1
panelists,3.8,,1
panelists,popular,1
panelists,lower,1
panelists,state,1
panelists,code.py,1
panelists,traditionally,1
panelists,care,1
panelists,Kennedy.,1
panelists,other.,1
panelists,scripted,1
panelists,streams,,1
panelists,automatically,1
panelists,thorough,,1
panelists,simple,,1
panelists,intimidating,,1
panelists,notes,1
panelists,started,,1
panelists,['12,1
panelists,itching,1
panelists,respects,1
panelists,literally,1
panelists,possible.,1
panelists,it\'ll,1
panelists,30,000,1
panelists,['44,1
panelists,10s,1
panelists,industry,1
panelists,rough,,1
panelists,Yeah,1
panelists,first.,1
panelists,standard,1
panelists,approach,1
panelists,quickly.,1
panelists,wide,1
panelists,globe,1
panelists,extension,,1
panelists,API,,1
panelists,wheels,1
panelists,Surprisingly,1
panelists,faces,1
panelists,atmosphere,1
panelists,planned,1
panelists,topic?",1
panelists,everything.,1
panelists,['56,1
panelists,a.m.,1
panelists,programming."],1
panelists,on.,1
panelists,pipenv.'],1
panelists,B,,1
panelists,integrity,1
panelists,API,1
panelists,agree,1
panelists,excited,1
panelists,both,,1
panelists,2016,1
panelists,levels,1
panelists,called.,1
panelists,terms,,1
panelists,CSS.,1
panelists,notification,,1
panelists,everybody's,1
panelists,prefixed,1
panelists,products,,1
panelists,preview,,1
panelists,room.,1
panelists,price,1
panelists,what\'s,1
panelists,understands,1
panelists,experts,1
panelists,do.,1
panelists,difference,,1
panelists,Thanks.'],1
panelists,funny.,1
panelists,advocate,1
panelists,right."],1
panelists,coolest,1
panelists,space,1
panelists,generate,1
panelists,arms,1
panelists,content."],1
panelists,spinning,1
panelists,first,,1
panelists,members,1
panelists,Brian,,1
panelists,that'd,1
panelists,be.,1
panelists,OBS,1
panelists,me.'],1
panelists,['46,1
panelists,Because,1
panelists,be."],1
panelists,detect,1
panelists,hired,1
panelists,happen,1
panelists,enjoy,1
panelists,Rode,1
panelists,setup.,1
panelists,effects,1
panelists,produced."],1
panelists,much,,1
panelists,subscribe,1
panelists,nights,1
panelists,['30,1
panelists,presented,1
panelists,source.,1
panelists,drawing,,1
panelists,winging,1
panelists,four,,1
panelists,quick.,1
panelists,painting,,1
panelists,Eastern,1
panelists,tablet,,1
panelists,term,1
panelists,editor,1
panelists,turnoff,1
panelists,webinar,1
panelists,alright,,1
panelists,beneficial,1
panelists,stepping,1
panelists,else."],1
panelists,continue,1
panelists,o'clock,1
panelists,source,,1
panelists,play."],1
panelists,Skype,1
panelists,Honestly,,1
panelists,hearing,1
panelists,reexplain,1
panelists,sweaty,,1
panelists,topics."],1
panelists,form,1
panelists,Also,1
panelists,questions,1
panelists,interfaces,1
panelists,join,1
panelists,sure.'],1
panelists,missed,1
panelists,figured,1
panelists,industry.'],1
panelists,scene,1
panelists,work.,1
panelists,same,,1
panelists,absolutely.'],1
panelists,best,,1
panelists,tilts,1
panelists,ground,1
panelists,Now,1
panelists,covered,1
panelists,blog,1
panelists,job,1
panelists,development,1
panelists,press,,1
panelists,blown,1
panelists,newer,1
panelists,too,,1
panelists,evolve,1
panelists,loads,1
panelists,video."],1
panelists,online,1
panelists,places,,1
panelists,sparked,1
panelists,Developer,1
panelists,jobs,1
panelists,All,1
panelists,interactivity,1
panelists,location,1
panelists,downloads,,1
panelists,ads,1
panelists,then."],1
panelists,YouTube,,1
panelists,smart,1
panelists,toys,1
panelists,using,,1
panelists,frameworks,1
panelists,Docker,,1
panelists,involved.,1
panelists,do."],1
panelists,said,,1
panelists,browser,1
panelists,technologies,1
panelists,natural,1
panelists,30,1
panelists,technology,,1
panelists,to."],1
panelists,definitely.,1
panelists,feet,1
panelists,stage,1
panelists,traction,1
panelists,chatroom.,1
panelists,arts,1
panelists,ago,1
panelists,links,1
panelists,"Did,1
panelists,something's,1
panelists,know,,1
panelists,setup-wise.,1
panelists,conferencing,1
panelists,anyway,,1
panelists,explore,1
panelists,template,1
panelists,funny,1
panelists,Medium."],1
panelists,flow,1
panelists,now."],1
panelists,piece,1
panelists,fair.,1
panelists,plastic,1
panelists,bit."],1
panelists,classrooms,,1
panelists,intimidated,1
panelists,evangelism,1
panelists,60,1
panelists,included,,1
panelists,supposed,1
panelists,SDK's,1
panelists,Be,1
panelists,/rss,1
panelists,had,,1
panelists,sight,1
panelists,length,1
panelists,hour,,1
panelists,languages.,1
panelists,man.,1
panelists,doing,,1
panelists,difference,1
panelists,future,1
panelists,trust,1
panelists,Cecil,,1
panelists,way.'],1
panelists,commands,1
panelists,920,1
panelists,volume,1
panelists,mindset,1
panelists,students,1
panelists,folks,,1
panelists,am..."],1
panelists,wasn\'t,1
panelists,world.,1
panelists,off,",1
panelists,better,,1
panelists,today,,1
panelists,table,1
panelists,trigger,1
panelists,concepts,1
panelists,podcatcher,1
panelists,you,,1
panelists,installing,1
panelists,robots,1
panelists,times,1
panelists,months,,1
panelists,Chromebooks,1
panelists,Cantabile,1
panelists,well.",1
panelists,gist,1
panelists,/play,1
panelists,C#,1
panelists,separate,1
panelists,going,,1
panelists,C920,,1
panelists,Advocate,1
panelists,Definitely,,1
panelists,screen."],1
panelists,table.,1
panelists,lever,1
panelists,outer,1
panelists,tools,1
panelists,pyenv.,1
panelists,Cantabile.,1
panelists,totally.,1
